{
	"info": {
		"_postman_id": "9b0aaa73-716f-470e-971a-fc0471598180",
		"name": "APIs SMTM",
		"schema": "https://schema.getpostman.com/json/collection/v2.1.0/collection.json"
	},
	"item": [
		{
			"name": "User portfolio",
			"event": [
				{
					"listen": "test",
					"script": {
						"exec": [
							"pm.test(\"Portfolio OK\", function () {\r",
							"    pm.expect(pm.response.code).to.be.oneOf([200, 201, 202]);\r",
							"});"
						],
						"type": "text/javascript"
					}
				}
			],
			"request": {
				"method": "GET",
				"header": [],
				"url": {
					"raw": "https://glacial-reef-23457.herokuapp.com/api/user-portfolio",
					"protocol": "https",
					"host": [
						"glacial-reef-23457",
						"herokuapp",
						"com"
					],
					"path": [
						"api",
						"user-portfolio"
					]
				}
			},
			"response": []
		},
		{
			"name": "Available investments",
			"event": [
				{
					"listen": "test",
					"script": {
						"exec": [
							"pm.test(\"Show Investments OK\", function () {\r",
							"    pm.expect(pm.response.code).to.be.oneOf([200, 201, 202]);\r",
							"});"
						],
						"type": "text/javascript"
					}
				}
			],
			"request": {
				"method": "GET",
				"header": [],
				"url": {
					"raw": "https://glacial-reef-23457.herokuapp.com/api/available-investments",
					"protocol": "https",
					"host": [
						"glacial-reef-23457",
						"herokuapp",
						"com"
					],
					"path": [
						"api",
						"available-investments"
					]
				}
			},
			"response": []
		},
		{
			"name": "Buy Units",
			"event": [
				{
					"listen": "test",
					"script": {
						"exec": [
							"pm.test(\"Purchase Units OK\", function () {\r",
							"    pm.expect(pm.response.code).to.be.oneOf([200, 201, 202]);\r",
							"});"
						],
						"type": "text/javascript"
					}
				}
			],
			"request": {
				"method": "POST",
				"header": [],
				"body": {
					"mode": "raw",
					"raw": "{\r\n    \"itemId\": \"a2\", \r\n    \"amount\": 50\r\n    }",
					"options": {
						"raw": {
							"language": "json"
						}
					}
				},
				"url": {
					"raw": "https://glacial-reef-23457.herokuapp.com/api/buy",
					"protocol": "https",
					"host": [
						"glacial-reef-23457",
						"herokuapp",
						"com"
					],
					"path": [
						"api",
						"buy"
					]
				}
			},
			"response": []
		},
		{
			"name": "Sell Units",
			"event": [
				{
					"listen": "test",
					"script": {
						"exec": [
							"pm.test(\"Sell Units OK\", function () {\r",
							"    pm.expect(pm.response.code).to.be.oneOf([200, 201, 202]);\r",
							"});"
						],
						"type": "text/javascript"
					}
				}
			],
			"request": {
				"method": "POST",
				"header": [],
				"body": {
					"mode": "raw",
					"raw": "{\r\n    \"itemId\": \"a2\", \r\n    \"amount\": 50\r\n    }",
					"options": {
						"raw": {
							"language": "json"
						}
					}
				},
				"url": {
					"raw": "https://glacial-reef-23457.herokuapp.com/api/sell",
					"protocol": "https",
					"host": [
						"glacial-reef-23457",
						"herokuapp",
						"com"
					],
					"path": [
						"api",
						"sell"
					]
				}
			},
			"response": []
		}
	]
}